wmc,dit,noc,cbo,rfc,lcom,ca,ce,npm,lcom3,loc,dam,moa,mfa,cam,ic,cbm,amc,max_cc,avg_cc,bug
2,3,0,9,16,1,1,9,2,2.0,113,0.0,0,0.93333333299999999,0.58333333300000001,0,0,55.5,9,4.5,0
4,3,0,1,8,4,1,0,4,1.0,82,0.0,0,0.85714285700000004,0.34999999999999998,2,2,18.5,1,0.75,0
18,1,0,16,55,0,11,8,13,0.64705882400000003,687,1.0,0,0.0,0.42647058799999998,0,0,36.888888889999997,12,2.5,1
6,6,0,4,36,1,1,4,1,0.88749999999999996,464,0.6875,0,0.99258160200000001,0.5,3,5,73.666666669999998,7,2.1667000000000001,0
4,1,0,26,29,6,25,1,3,2.0,213,0.0,0,0.0,0.29166666699999999,0,0,52.25,15,4.75,0
5,2,2,22,6,10,17,5,5,2.0,26,0.0,0,0.63636363600000001,0.90000000000000002,0,0,4.2000000000000002,1,0.80000000000000004,0
5,1,1,14,13,10,4,10,5,1.0,34,1.0,1,0.0,0.29230769200000001,0,0,5.5999999999999996,1,0.80000000000000004,0
51,4,0,22,125,1041,10,17,41,0.948333333,1243,0.83333333300000001,6,0.92816091999999994,0.10049019599999999,3,20,22.666666670000001,30,2.1568999999999998,0
2,2,0,11,11,1,5,6,1,2.0,53,0.0,0,0.94444444400000005,0.625,0,0,25.5,1,0.5,0
89,2,0,141,269,3550,119,43,66,0.96122994700000008,2699,0.58823529399999996,2,0.57073170699999998,0.103620474,1,10,28.943820219999999,35,3.2134999999999998,0
2,2,0,7,7,1,1,6,1,2.0,32,0.0,0,0.94444444400000005,0.625,1,1,15.0,1,0.5,0
4,1,0,2,15,0,1,1,3,0.33333333300000001,54,1.0,0,0.0,0.75,0,0,12.25,4,1.5,0
9,1,3,16,14,28,16,2,8,0.91666666699999999,50,0.33333333300000001,1,0.0,0.29629629600000001,1,1,4.2222222220000001,3,1.1111,0
11,4,0,0,26,55,0,0,11,1.1000000000000001,173,1.0,0,0.88607594900000008,0.25757575799999999,1,1,14.636363640000001,4,1.4544999999999999,0
7,1,0,8,15,1,4,4,7,0.41666666700000005,62,1.0,0,0.0,0.52380952400000003,0,0,7.5714285710000002,3,1.2857000000000001,0
8,1,0,6,8,28,6,0,8,2.0,8,0.0,0,0.0,0.32500000000000001,0,0,0.0,1,1.0,0
4,1,0,4,9,0,4,0,3,0.55555555600000006,49,1.0,0,0.0,0.55555555600000006,0,0,10.5,2,0.75,0
9,2,4,16,56,24,6,11,3,1.0625,601,0.29999999999999999,3,0.428571429,0.174603175,0,0,63.555555560000002,1,0.88890000000000002,0
18,2,0,6,36,153,1,5,18,1.0588235290000001,84,0.0,0,0.5,0.26851851900000001,1,5,3.611111111,1,0.94440000000000002,0
3,1,0,7,3,3,5,3,3,2.0,3,0.0,0,0.0,0.5,0,0,0.0,1,1.0,0
22,1,0,34,114,219,1,33,6,0.962406015,2003,0.0,5,0.0,0.159090909,0,0,89.181818179999993,18,5.4545000000000003,0
5,1,0,7,5,10,7,1,5,2.0,5,0.0,0,0.0,1.0,0,0,0.0,1,1.0,0
4,1,0,3,12,0,1,2,4,0.0,37,1.0,0,0.0,0.5,0,0,8.0,1,0.75,0
4,2,0,4,6,2,1,3,4,0.66666666699999999,26,1.0,0,0.5,0.4375,0,0,5.0,1,0.75,0
8,1,0,16,17,22,16,0,4,1.0,160,0.0,0,0.0,0.5,0,0,18.5,8,2.125,0
1,1,0,12,2,0,10,2,1,2.0,16,0.0,1,0.0,1.0,0,0,12.0,0,0.0,0
5,1,1,3,6,10,1,2,5,2.0,12,0.0,0,0.0,0.73333333299999992,0,0,1.3999999999999999,1,0.80000000000000004,0
5,2,0,4,25,2,1,3,4,0.41666666700000005,301,1.0,0,0.25,0.44,0,0,58.600000000000001,28,6.4000000000000004,0
43,1,4,52,116,805,40,23,35,0.97751322799999996,962,0.27777777800000003,0,0.0,0.21587301600000003,0,0,20.953488369999999,7,1.4883999999999999,0
2,2,0,1,4,1,0,1,1,2.0,14,0.0,0,0.80000000000000004,0.66666666699999999,1,1,6.0,1,0.5,0
3,1,0,4,4,3,4,0,3,1.4375,23,0.0,2,0.0,0.5,0,0,4.0,2,1.0,0
4,1,0,3,22,6,2,2,2,2.0,105,0.0,0,0.0,0.66666666699999999,0,0,25.25,4,2.0,0
17,1,0,5,27,10,1,4,15,0.6796875,709,1.0,1,0.0,0.38823529400000001,0,0,40.235294119999999,17,3.5293999999999999,0
6,1,0,3,20,0,3,3,4,0.59999999999999998,120,0.66666666699999999,1,0.0,0.41666666700000005,0,0,18.5,3,1.6667000000000001,0
75,1,2,58,156,2419,46,20,49,0.91248391200000001,1888,0.66666666699999999,5,0.0,0.106821107,0,0,23.893333330000001,6,1.72,0
5,7,0,11,57,0,2,9,2,0.0,438,1.0,1,0.99506172799999992,0.44,4,10,86.400000000000006,21,8.4000000000000004,0
59,1,0,73,163,1389,60,23,47,0.80086206900000001,1844,0.25,5,0.0,0.117647059,0,0,29.915254239999999,25,1.4915,0
7,3,0,16,73,1,1,16,2,2.0,828,0.0,0,0.69999999999999996,0.23809523800000001,1,1,117.2857143,6,1.5713999999999999,0
4,3,0,10,43,4,1,10,2,2.0,405,0.0,0,0.82352941200000007,0.375,1,1,100.25,26,7.75,0
13,1,0,2,13,78,2,0,13,2.0,13,0.0,0,0.0,0.43076923100000003,0,0,0.0,1,1.0,0
14,1,0,9,63,0,4,6,1,0.26923076899999998,721,0.5,1,0.0,0.30952381000000001,0,0,50.357142860000003,19,4.1429,0
17,5,0,28,105,100,17,25,2,0.90972222200000008,590,1.0,3,0.97608370700000002,0.21568627500000001,0,0,33.176470590000001,2,1.0,0
4,1,0,7,54,4,1,7,3,1.0,318,1.0,0,0.0,0.5,0,0,77.75,9,4.5,0
25,1,1,9,60,62,6,6,19,0.72916666699999999,496,1.0,1,0.0,0.20571428600000002,0,0,18.600000000000001,6,1.9199999999999999,0
19,1,0,17,56,157,2,17,7,0.97777777799999999,401,1.0,2,0.0,0.34210526299999999,0,0,19.578947370000002,12,2.8946999999999998,0
22,1,3,24,47,231,19,9,18,1.0,322,0.0,1,0.0,0.22727272699999998,0,0,13.59090909,5,1.6818,0
33,1,4,47,67,444,41,10,31,0.92916666700000006,529,0.20000000000000001,0,0.0,0.21590909100000003,0,0,14.575757579999999,9,1.8182,0
16,1,0,167,55,58,166,2,8,0.87368421099999993,485,0.63157894700000006,1,0.0,0.16190476199999998,0,0,28.125,7,2.3125,0
4,1,0,3,5,6,1,2,3,1.0,15,0.0,1,0.0,0.53333333299999997,0,0,2.5,1,0.5,0
13,2,0,5,35,6,3,2,9,0.33333333300000001,281,1.0,0,0.571428571,0.56410256400000003,1,2,20.53846154,4,1.8462000000000001,0
3,1,0,13,4,3,12,3,2,1.0,16,0.0,2,0.0,0.66666666699999999,0,0,3.6666666669999999,1,0.66669999999999996,0
7,7,1,7,41,21,3,5,6,2.0,220,0.0,0,0.99544764799999996,0.5,2,2,30.428571430000002,1,0.42859999999999998,0
2,2,0,10,7,1,1,9,1,1.0,79,0.0,0,0.94444444400000005,0.625,1,1,38.0,1,0.5,0
1,5,0,10,10,0,1,10,1,2.0,23,0.0,0,1.0,1.0,0,0,22.0,0,0.0,0
2,1,0,3,3,0,1,2,2,0.0,12,1.0,1,0.0,0.75,0,0,4.5,1,0.5,0
2,5,0,4,24,0,2,2,0,0.33333333300000001,148,1.0,1,0.99847094800000002,0.75,0,0,71.5,4,2.0,0
5,2,0,12,35,6,1,11,1,0.625,221,0.0,0,0.80952380999999995,0.40000000000000002,1,1,42.799999999999997,1,0.80000000000000004,0
2,1,0,5,2,1,5,0,2,2.0,2,0.0,0,0.0,1.0,0,0,0.0,1,1.0,0
8,6,0,6,31,20,3,5,1,0.76190476200000001,121,0.66666666699999999,1,0.99111111099999993,0.428571429,4,12,13.75,1,0.75,0
5,2,0,11,10,2,5,6,3,0.625,128,0.25,0,0.80952380999999995,0.44,1,1,23.800000000000001,3,1.6000000000000001,0
21,5,0,20,99,130,6,19,5,0.81666666700000001,596,1.0,3,0.97118155599999989,0.32380952399999996,2,5,26.666666670000001,10,1.7142999999999999,0
8,1,0,15,43,14,6,11,7,0.82142857099999989,378,1.0,1,0.0,0.35714285700000004,0,0,45.75,16,2.875,0
10,1,0,28,37,45,26,2,9,2.0,218,0.0,0,0.0,0.17000000000000001,0,0,20.800000000000001,9,2.5,0
12,2,0,5,72,0,1,5,11,0.56363636399999995,525,1.0,1,0.26666666699999997,0.28571428600000004,1,1,42.333333330000002,6,2.5832999999999999,0
13,2,0,1,20,30,1,1,9,0.80555555599999995,115,1.0,0,0.571428571,0.26923076899999998,0,0,7.384615385,2,1.0769,0
22,1,2,21,52,201,15,6,19,0.94761904799999996,411,0.90000000000000002,1,0.0,0.20000000000000001,0,0,17.227272729999999,6,1.9544999999999999,0
21,1,0,30,67,0,15,18,18,0.5,411,1.0,1,0.0,0.28749999999999998,0,0,18.47619048,6,1.3332999999999999,0
5,2,0,7,22,4,1,6,2,0.5,155,0.0,0,0.80952380999999995,0.36666666700000006,0,0,29.800000000000001,10,4.0,0
2,1,0,2,4,1,2,0,2,2.0,55,0.0,0,0.0,0.5,0,0,26.5,5,2.5,0
4,1,0,5,8,2,4,3,1,1.0,239,0.20000000000000001,3,0.0,0.5,0,0,56.25,6,3.25,0
3,1,0,28,3,3,28,0,3,2.0,3,0.0,0,0.0,1.0,0,0,0.0,1,1.0,0
8,2,0,11,55,12,4,9,4,0.77142857099999995,388,1.0,0,0.89705882400000003,0.3125,0,0,46.875,15,2.875,0
2,1,0,6,2,1,6,1,2,2.0,2,0.0,0,0.0,1.0,0,0,0.0,1,1.0,0
10,1,0,10,44,23,7,3,10,0.80555555599999995,421,1.0,1,0.0,0.257142857,0,0,40.700000000000003,13,2.8999999999999999,0
4,2,0,15,22,6,2,13,1,2.0,119,0.0,0,0.84999999999999998,0.4375,1,1,28.75,1,0.75,0
3,1,0,5,3,3,5,0,3,2.0,3,0.0,0,0.0,0.66666666699999999,0,0,0.0,1,1.0,0
17,1,0,3,82,106,0,3,13,0.5625,2224,1.0,0,0.0,0.18487395000000001,0,0,129.58823529999998,46,8.0,0
6,2,0,14,16,15,3,11,2,1.0,113,0.0,1,0.77272727299999999,0.46666666700000003,0,0,17.666666670000001,2,1.0,0
9,1,0,4,13,0,4,0,8,0.72499999999999998,104,0.20000000000000001,0,0.0,0.34999999999999998,0,0,10.0,3,0.77780000000000005,0
5,1,0,11,5,10,11,1,5,2.0,5,0.0,0,0.0,0.66666666699999999,0,0,0.0,1,1.0,0
8,1,0,12,16,12,6,6,7,0.75,88,0.5,0,0.0,0.28571428600000004,0,0,9.5,2,1.125,0
1,3,0,2,2,0,2,0,1,2.0,5,0.0,0,1.0,1.0,0,0,4.0,0,0.0,0
39,1,0,49,181,469,34,29,26,0.80555555599999995,2302,1.0,4,0.0,0.15064102599999998,0,0,57.564102560000002,17,3.1795,0
3,1,0,13,38,3,4,13,3,2.0,191,0.0,0,0.0,0.66666666699999999,0,0,62.666666669999998,9,3.3332999999999999,0
5,1,0,10,37,0,3,9,1,0.5,203,0.0,0,0.0,0.35999999999999999,0,0,39.200000000000003,1,0.80000000000000004,0
4,2,0,10,8,4,4,6,2,0.66666666699999999,37,0.0,0,0.84999999999999998,0.5,0,0,8.0,2,1.0,0
41,1,0,25,120,820,15,17,14,2.0,1482,0.0,0,0.0,0.14227642300000001,0,0,35.146341460000002,7,1.7073,0
2,1,0,4,4,1,0,4,2,2.0,12,0.0,0,0.0,0.75,0,0,5.0,1,0.5,0
14,6,0,7,56,51,2,7,1,0.89068825900000004,557,1.0,0,0.98093841599999998,0.5,3,5,37.428571429999998,5,1.4286000000000001,0
8,5,0,5,33,0,4,1,8,0.571428571,419,1.0,0,0.98939393900000006,0.625,0,0,51.0,12,3.375,0
23,1,0,6,57,41,2,5,7,0.9359925790000001,1257,0.30612244899999996,10,0.0,0.222727273,0,0,51.52173913,12,3.0434999999999999,0
15,5,0,27,107,67,17,25,2,0.90714285700000008,564,0.80000000000000004,4,0.98048047999999999,0.18367346899999998,0,0,35.933333330000004,3,1.0667,0
6,1,0,6,48,0,0,6,4,0.29999999999999999,290,1.0,0,0.0,0.20000000000000001,0,0,47.0,8,3.1667000000000001,0
16,6,0,10,72,74,2,10,1,0.83333333300000001,557,1.0,6,0.97807017500000004,0.375,2,4,33.1875,8,1.9375,0
1,1,0,3,1,0,3,0,1,2.0,1,0.0,0,0.0,1.0,0,0,0.0,1,1.0,0
351,1,0,51,443,41713,1,51,88,0.60285714299999993,12535,0.53846153799999996,8,0.0,0.126305793,0,0,34.675213679999999,18,2.8090999999999999,0
3,2,0,12,20,3,1,11,1,1.0,294,0.0,0,0.89473684200000003,0.53333333299999997,1,1,96.666666669999998,1,0.66669999999999996,0
3,7,0,2,6,3,0,2,1,2.0,16,0.0,0,0.997088792,0.66666666699999999,1,2,4.3333333329999997,1,0.66669999999999996,0
4,2,0,4,17,6,2,3,4,2.0,86,0.0,0,0.92857142900000011,0.59999999999999998,1,1,20.5,2,1.0,0
7,1,0,0,48,21,0,0,3,2.0,333,0.0,0,0.0,0.28571428600000004,0,0,46.571428570000002,3,1.2857000000000001,0
1,2,0,18,2,0,16,2,1,2.0,5,0.0,0,1.0,1.0,0,0,4.0,0,0.0,0
17,5,23,25,39,102,23,2,14,0.734375,507,1.0,0,0.97608370700000002,0.47058823500000002,0,0,28.58823529,3,1.2353000000000001,0
18,1,0,13,94,39,4,11,9,0.70588235300000002,707,0.875,0,0.0,0.111111111,0,0,37.833333330000002,14,2.5556000000000001,0
3,1,0,3,8,0,3,0,3,0.0,24,0.0,0,0.0,0.66666666699999999,0,0,6.6666666670000003,1,0.66669999999999996,0
3,2,0,6,16,1,1,5,3,0.5,97,1.0,0,0.66666666699999999,0.428571429,0,0,31.0,8,3.3332999999999999,0
5,2,0,4,17,0,1,4,4,0.41666666700000005,109,1.0,2,0.5,0.40000000000000002,0,0,20.199999999999999,4,1.6000000000000001,0
8,6,0,9,26,16,8,2,5,0.28571428600000004,105,1.0,0,0.9921875,0.34999999999999998,1,2,12.0,2,1.0,0
3,1,0,10,29,3,2,10,3,2.0,157,0.0,0,0.0,0.66666666699999999,0,0,51.333333330000002,10,3.6667000000000001,0
7,1,0,8,31,19,3,5,5,0.83333333300000001,159,0.0,0,0.0,0.20833333300000001,0,0,21.571428569999998,5,1.8571,0
44,1,0,49,156,632,15,39,32,0.77378435499999998,1802,1.0,4,0.0,0.10465116300000001,0,0,39.704545449999998,30,3.25,0
11,1,0,10,47,41,5,5,9,0.69999999999999996,551,0.5,0,0.0,0.13750000000000001,0,0,48.363636360000001,25,5.8182,0
6,2,0,20,46,15,2,18,1,1.114285714,427,0.0,0,0.77272727299999999,0.61904761899999994,0,0,69.0,1,0.83330000000000004,0
4,1,0,21,5,0,21,0,4,0.66666666699999999,28,1.0,0,0.0,0.5,0,0,5.25,1,0.75,0
11,6,0,11,70,47,3,10,8,0.91111111099999997,672,1.0,11,0.98527245900000004,0.27272727299999999,3,5,57.636363639999999,3,1.3635999999999999,0
10,1,0,19,38,0,15,6,8,0.222222222,191,1.0,0,0.0,0.20370370399999999,0,0,18.0,3,1.3,0
9,1,0,20,43,0,12,11,3,0.79807692299999999,466,0.0,1,0.0,0.36507936499999999,0,0,49.333333330000002,4,0.66669999999999996,0
1,2,0,5,2,0,3,2,1,2.0,5,0.0,0,1.0,1.0,0,0,4.0,0,0.0,0
3,2,0,4,6,0,1,3,2,0.5,32,0.5,1,0.75,0.66666666699999999,0,0,9.0,1,0.33329999999999999,0
4,1,0,1,4,6,1,1,4,2.0,4,0.0,0,0.0,1.0,0,0,0.0,1,1.0,0
34,1,1,21,70,507,14,9,20,0.86868686900000003,589,1.0,1,0.0,0.127272727,0,0,16.058823530000002,5,1.5882000000000001,0
6,1,0,2,13,0,2,0,6,0.0,75,1.0,0,0.0,0.5,0,0,11.33333333,2,1.0,0
1,2,0,3,2,0,1,2,1,2.0,5,0.0,0,1.0,1.0,0,0,4.0,0,0.0,0
31,5,0,79,111,273,62,23,29,0.94999999999999996,698,0.25,1,0.96794871799999993,0.18951612899999998,2,11,21.387096769999999,8,2.4516,0
1,1,0,48,1,0,48,1,1,2.0,1,0.0,0,0.0,1.0,0,0,0.0,1,1.0,0
23,6,0,29,73,201,21,16,7,0.87062937099999993,403,0.92307692299999999,5,0.96701649200000006,0.17391304300000002,2,3,15.956521739999999,6,1.5651999999999999,0
3,1,0,7,3,3,6,2,3,2.0,3,0.0,0,0.0,0.88888888900000007,0,0,0.0,1,1.0,0
12,1,0,10,24,26,5,5,7,0.75,182,0.0,2,0.0,0.33333333300000001,0,0,13.5,3,0.83330000000000004,0
3,2,0,11,10,3,4,7,2,2.0,81,0.0,0,0.89473684200000003,0.53333333299999997,1,1,26.0,1,0.66669999999999996,0
10,2,0,11,24,45,4,7,7,2.0,99,0.0,0,0.88749999999999996,0.32857142899999997,1,5,8.9000000000000004,2,1.1000000000000001,0
4,1,0,5,4,6,4,1,4,2.0,4,0.0,0,0.0,0.83333333300000001,0,0,0.0,1,1.0,0
1,1,0,8,1,0,7,1,1,2.0,1,0.0,0,0.0,1.0,0,0,0.0,1,1.0,0
4,2,0,4,6,0,4,0,3,2.0,83,0.0,0,0.84210526299999999,0.5625,1,11,19.75,3,1.25,0
7,4,1,4,25,19,2,3,4,0.33333333300000001,130,0.0,1,0.95348837200000003,0.326530612,1,3,17.428571430000002,1,0.57140000000000002,0
2,1,0,9,2,1,9,0,2,2.0,2,0.0,0,0.0,0.75,0,0,0.0,1,1.0,0
2,1,0,4,4,1,0,4,2,2.0,12,0.0,0,0.0,0.75,0,0,5.0,1,0.5,0
2,1,0,4,9,1,1,3,2,2.0,57,0.0,0,0.0,0.625,0,0,27.5,7,3.5,0
4,2,0,7,21,0,2,5,3,0.0,79,1.0,0,0.69999999999999996,0.5,1,1,18.5,3,1.25,0
1,1,0,5,1,0,5,0,1,2.0,1,0.0,0,0.0,1.0,0,0,0.0,1,1.0,0
21,1,0,10,36,96,5,8,14,0.75416666700000001,559,1.0,8,0.0,0.20408163300000001,0,0,25.047619050000002,8,2.5714000000000001,0
4,5,0,9,23,0,6,7,2,0.5,82,1.0,1,0.99585635400000005,0.41666666700000005,0,0,19.0,2,1.0,0
2,1,0,4,4,1,0,4,2,2.0,11,0.0,0,0.0,0.75,0,0,4.5,1,0.5,0
4,2,0,12,24,6,3,9,2,2.0,190,0.0,0,0.84999999999999998,0.625,1,1,46.5,1,0.75,0
3,2,0,9,26,0,1,9,2,0.0,172,1.0,1,0.88888888900000007,1.0,1,2,56.0,7,3.3332999999999999,0
2,1,0,8,2,1,4,5,2,2.0,2,0.0,0,0.0,0.625,0,0,0.0,1,1.0,0
8,7,0,12,41,22,2,11,7,0.54285714299999999,212,1.0,3,0.99420625699999998,0.46875,1,1,24.875,8,1.5,0
6,2,0,8,15,5,7,2,5,0.86666666700000006,68,0.33333333300000001,0,0.428571429,0.40000000000000002,1,1,9.3333333329999988,1,0.66669999999999996,0
8,1,0,15,76,0,3,13,2,0.74534161499999996,930,1.0,4,0.0,0.29670329699999998,0,0,112.375,16,3.5,0
10,6,0,7,47,19,4,5,4,0.592592593,254,1.0,1,0.987860395,0.27142857100000001,2,2,23.800000000000001,4,1.3,0
10,2,0,11,38,13,4,8,9,0.69444444400000005,294,0.75,1,0.8297872340000001,0.37777777799999995,2,3,28.0,3,1.6000000000000001,0
2,1,0,4,4,1,0,4,2,2.0,12,0.0,0,0.0,0.75,0,0,5.0,1,0.5,0
6,1,0,6,26,15,6,1,6,2.0,193,0.0,0,0.0,0.233333333,0,0,31.166666670000001,5,2.3332999999999999,0
5,1,0,2,17,4,1,1,3,0.5,133,1.0,0,0.0,0.43333333299999999,0,0,24.800000000000001,3,2.0,0
2,2,0,6,9,1,1,5,1,1.0,32,1.0,0,0.95454545499999999,0.75,0,0,14.5,2,1.0,0
16,1,2,17,39,74,4,13,7,0.84999999999999998,360,1.0,3,0.0,0.26666666699999997,0,0,21.25,3,1.0,0
70,1,0,77,187,2409,64,18,65,0.99637681200000006,2017,0.0,1,0.0,0.057367149999999999,0,0,27.699999999999999,21,3.1286,0
12,5,0,16,73,6,2,16,6,0.61818181799999994,445,1.0,4,0.98343373499999998,0.25,1,7,35.666666669999998,11,2.5,0
2,2,0,12,10,1,1,11,1,1.125,136,0.625,4,0.94444444400000005,0.625,1,1,63.0,1,0.5,0
2,1,0,27,4,1,26,1,1,1.0,72,0.0,0,0.0,1.0,0,0,24.0,0,0.0,0
1,1,0,4,1,0,4,0,1,2.0,1,0.0,0,0.0,1.0,0,0,0.0,1,1.0,0
31,1,0,3,44,139,3,0,25,0.47058823500000002,1283,0.70588235300000002,0,0.0,0.30107526899999998,0,0,39.838709680000001,7,1.4516,0
262,4,3,81,540,19801,54,49,218,0.93564415700000003,9460,0.625,12,0.71302428299999998,0.062481580000000002,3,18,34.862595419999998,29,3.4580000000000002,0
13,3,0,17,28,52,15,2,13,0.80000000000000004,135,1.0,1,0.764705882,0.26153846199999997,0,0,9.0,5,1.6922999999999999,0
4,1,5,9,5,6,5,4,4,2.0,10,0.0,0,0.0,0.4375,0,0,1.5,1,0.75,0
10,7,0,10,69,19,4,10,3,0.74074074099999998,403,1.0,2,0.98646616499999995,0.26000000000000001,0,0,38.700000000000003,4,1.7,0
3,2,0,11,14,3,3,8,2,1.0,61,0.0,0,0.89473684200000003,0.46666666700000003,1,3,19.0,1,0.66669999999999996,0
24,1,0,1,41,198,1,0,18,0.82427536200000007,749,0.16666666699999999,9,0.0,0.14975845400000001,0,0,29.208333329999999,13,2.5832999999999999,0
4,2,0,6,12,0,2,4,4,0.0,35,1.0,0,0.5,0.5,1,1,7.5,1,0.75,0
5,6,0,6,42,0,1,6,3,0.72727272700000001,523,1.0,10,0.99405646400000003,0.5,4,6,99.200000000000003,3,1.3999999999999999,0
19,2,0,13,47,79,5,8,17,0.63888888899999996,552,0.75,1,0.47058823500000002,0.37894736799999995,1,1,27.84210526,6,2.1053000000000002,0
2,4,0,5,10,0,1,5,2,0.0,31,1.0,1,0.85714285700000004,0.66666666699999999,0,0,14.0,1,0.5,0
3,2,0,7,10,3,2,6,2,2.0,52,0.0,0,0.71428571400000007,0.55555555600000006,1,3,16.333333329999999,3,1.3332999999999999,0
2,1,0,4,4,1,0,4,2,2.0,12,0.0,0,0.0,0.75,0,0,5.0,1,0.5,0
4,1,0,3,12,0,2,1,4,0.0,46,1.0,0,0.0,0.5,0,0,10.25,1,0.75,0
15,1,0,3,30,79,1,2,14,0.79523809499999998,923,0.66666666699999999,4,0.0,0.25,0,0,59.533333329999998,12,2.7332999999999998,0
5,1,0,3,12,8,1,2,4,0.75,42,0.0,0,0.0,0.25,0,0,7.2000000000000002,1,0.59999999999999998,0
32,1,0,6,53,0,2,6,17,0.85304659500000002,2884,0.9259259259999999,13,0.0,0.204301075,0,0,88.28125,40,6.5,0
11,2,0,7,38,23,1,7,7,0.80000000000000004,541,1.0,4,0.62962963000000005,0.28571428600000004,1,3,46.090909089999997,12,3.4544999999999999,0
12,6,0,9,72,32,3,8,1,0.84343434299999998,657,1.0,9,0.98382352900000003,0.5,2,5,52.25,7,1.6667000000000001,0
12,3,2,57,25,14,56,3,9,0.606060606,216,0.0,2,0.60714285700000004,0.39583333299999995,1,2,16.75,3,1.6667000000000001,0
27,1,0,20,65,65,9,13,0,0.68376068400000001,1240,1.0,4,0.0,0.25462963,0,0,44.592592590000002,24,3.7406999999999999,0
8,1,0,5,10,4,5,0,8,0.5,75,1.0,0,0.0,0.75,0,0,8.125,2,0.875,0
4,2,0,9,9,4,3,6,2,1.0,47,0.0,0,0.89473684200000003,0.59999999999999998,1,1,10.0,2,0.75,0
6,8,0,10,26,13,1,9,4,0.80000000000000004,177,1.0,1,0.99702823200000001,0.5,1,2,28.333333329999999,7,1.3332999999999999,0
21,2,0,19,87,208,10,11,20,1.0,665,0.5,0,0.67241379299999993,0.34444444399999996,1,3,30.571428569999998,8,2.8094999999999999,0
1,1,0,3,1,0,3,0,1,2.0,1,0.0,0,0.0,1.0,0,0,0.0,1,1.0,0
3,1,0,11,21,3,1,11,1,2.0,119,0.0,0,0.0,0.55555555600000006,0,0,38.666666669999998,16,6.0,0
2,2,0,4,4,1,2,2,2,2.0,8,0.0,0,0.75,0.75,0,0,3.0,1,0.5,0
6,5,0,11,30,5,4,9,1,0.69999999999999996,139,1.0,3,0.99240121599999997,0.38888888899999996,0,0,21.5,2,1.0,0
2,1,0,4,4,1,0,4,2,2.0,12,0.0,0,0.0,0.75,0,0,5.0,1,0.5,0
7,1,0,8,29,0,2,6,0,0.0,248,1.0,0,0.0,0.40476190499999998,0,0,34.285714290000001,3,2.2856999999999998,0
3,1,0,8,23,3,1,8,3,2.0,101,0.0,0,0.0,0.66666666699999999,0,0,32.666666669999998,5,2.0,0
23,2,1,3,51,195,3,1,13,0.80909090900000002,300,1.0,0,0.24137931000000001,0.16600790500000001,0,0,11.82608696,7,1.5651999999999999,0
12,1,0,16,39,20,11,8,1,0.66666666699999999,232,1.0,0,0.0,0.202380952,0,0,18.083333329999999,8,2.0,0
4,2,0,4,17,4,1,4,4,0.5,94,0.0,0,0.76923076900000009,0.40000000000000002,1,1,22.0,4,1.5,0
3,2,0,5,13,3,1,4,2,2.0,86,0.0,0,0.90909090900000011,0.83333333300000001,1,3,27.666666670000001,4,2.3332999999999999,0
5,6,0,7,34,2,3,6,1,0.80000000000000004,203,1.0,2,0.99389313000000001,0.34999999999999998,0,0,38.600000000000001,1,0.80000000000000004,0
7,1,0,9,29,21,5,4,7,1.1666666670000001,113,1.0,0,0.0,0.25,0,0,15.0,3,1.2857000000000001,0
7,1,0,40,7,21,40,0,7,2.0,7,0.0,0,0.0,0.52380952400000003,0,0,0.0,1,1.0,0
118,1,0,1,180,6075,0,1,27,0.92112597500000004,5209,0.71739130400000006,1,0.0,0.13806706099999999,0,0,42.364406780000003,9,1.5678000000000001,0
1,4,0,3,2,0,2,1,1,2.0,5,0.0,0,1.0,1.0,0,0,4.0,0,0.0,0
13,1,0,7,33,26,5,2,12,0.60416666699999999,261,1.0,0,0.0,0.25274725300000001,0,0,18.76923077,7,1.4615,0
5,2,0,12,13,0,2,10,4,0.66666666699999999,94,0.0,4,0.73333333299999992,0.28000000000000003,1,2,16.600000000000001,2,1.0,0
9,1,0,7,21,0,5,3,7,0.5,87,1.0,0,0.0,0.24074074100000001,0,0,8.4444444440000002,3,1.0,0
5,7,0,9,64,6,3,8,3,0.75,312,1.0,0,0.99393939400000009,0.29999999999999999,2,5,61.0,1,0.80000000000000004,0
2,1,0,4,4,1,0,4,2,2.0,12,0.0,0,0.0,0.75,0,0,5.0,1,0.5,1
10,2,0,3,21,15,2,1,7,0.44444444399999999,148,0.0,0,0.66666666699999999,0.35999999999999999,2,3,13.699999999999999,4,1.8999999999999999,0
7,4,0,3,64,5,1,2,5,0.79487179500000005,427,1.0,0,0.99079754599999992,0.46428571399999996,1,2,58.142857139999997,3,1.2857000000000001,0
12,1,0,12,66,0,1,12,8,0.51948051900000003,675,1.0,3,0.0,0.5,0,0,54.666666669999998,15,4.9166999999999996,0
7,5,0,16,56,7,6,11,2,0.625,610,1.0,1,0.99167822500000002,0.31428571399999999,0,0,85.571428569999995,5,1.7142999999999999,0
4,1,0,4,19,4,1,4,3,0.66666666699999999,82,1.0,0,0.0,0.33333333300000001,0,0,19.25,7,3.25,0
22,7,0,8,85,187,4,7,3,0.76190476200000001,695,1.0,1,0.97473997000000001,0.174603175,3,5,30.045454549999999,5,1.0,0
7,1,0,1,19,1,1,0,6,0.75,437,0.5,0,0.0,0.5,0,0,60.0,6,3.0,0
3,6,0,3,23,1,0,3,1,0.5,229,1.0,1,0.99701937400000007,1.0,1,3,72.333333330000002,1,0.66669999999999996,0
14,2,0,10,33,29,6,5,12,0.72115384599999999,400,1.0,1,0.82432432400000011,0.22448979600000002,0,0,27.0,3,1.2142999999999999,0
17,1,0,4,31,0,2,2,0,0.25,970,1.0,0,0.0,0.44117647100000001,0,0,55.882352939999997,13,4.3529,0
2,3,0,12,21,1,2,12,2,2.0,336,0.0,0,0.93333333299999999,0.58333333300000001,1,1,167.0,3,1.5,0
4,2,0,8,12,6,1,7,2,1.0,80,1.0,0,0.571428571,0.5,0,0,18.75,4,2.5,0
10,6,0,12,57,15,2,11,1,0.82905982900000008,687,1.0,2,0.98672566400000006,0.5,3,5,66.400000000000006,9,2.3999999999999999,0
27,1,0,19,96,295,6,16,23,0.88461538500000003,745,1.0,2,0.0,0.12937062900000001,0,0,26.333333329999999,10,2.2222,0
14,1,0,17,72,21,9,8,6,0.75641025599999989,1597,1.0,4,0.0,0.18452381000000001,0,0,112.2142857,43,8.2857000000000003,0
5,1,8,13,6,10,13,0,5,2.0,54,0.0,0,0.0,0.65000000000000002,0,0,9.8000000000000007,3,1.2,0
22,6,0,23,115,167,10,22,11,0.81385281400000009,561,1.0,4,0.97138554200000005,0.188311688,1,1,24.0,8,1.3635999999999999,1
2,2,0,7,6,1,1,6,1,2.0,28,0.0,0,0.94444444400000005,0.625,1,1,13.0,1,0.5,0
9,6,0,7,40,0,4,3,7,0.0,162,1.0,1,0.9899497490000001,0.33333333300000001,3,4,16.88888889,15,2.8889,0
3,1,0,9,6,3,7,2,3,2.0,44,0.0,0,0.0,0.55555555600000006,0,0,13.66666667,5,2.0,0
51,1,0,5,67,51,1,4,7,0.76480000000000004,7188,0.16,1,0.0,0.40000000000000002,0,0,139.45098039999999,167,8.902000000000001,0
5,1,2,7,20,4,3,5,5,0.5,126,1.0,0,0.0,0.44,0,0,23.800000000000001,7,2.0,0
8,8,0,12,20,28,3,9,5,2.0,146,0.0,0,0.99407407400000003,0.46875,1,3,17.25,1,0.5,0
2,1,2,8,4,1,7,1,2,1.0,11,1.0,1,0.0,0.66666666699999999,0,0,4.0,1,0.5,0
5,2,0,10,13,4,8,3,4,0.90000000000000002,55,0.20000000000000001,0,0.5,0.5,1,1,9.0,1,0.59999999999999998,0
11,2,0,22,57,53,1,21,1,0.80000000000000004,455,1.0,0,0.65384615400000001,0.409090909,1,1,40.272727269999997,1,0.81820000000000004,0
8,7,0,6,60,20,2,6,3,0.80000000000000004,295,1.0,0,0.98944193099999989,0.375,2,5,35.25,5,1.375,0
19,1,0,31,50,91,30,1,18,0.9490740740000001,458,1.0,0,0.0,0.055555555999999999,0,0,22.473684209999998,7,2.4211,0
4,2,0,4,6,4,1,3,4,0.66666666699999999,20,1.0,0,0.5,0.625,0,0,3.75,1,0.75,0
7,2,0,10,29,0,2,9,2,0.62121212100000001,615,0.63636363600000001,2,0.5,0.26530612199999998,0,0,85.285714290000001,8,3.5714000000000001,0
3,6,0,8,14,3,6,3,3,2.0,46,0.0,0,0.99738219900000002,0.83333333300000001,0,0,14.33333333,1,0.66669999999999996,0
2,1,0,3,2,1,3,1,2,2.0,2,0.0,0,0.0,1.0,0,0,0.0,1,1.0,0
15,3,1,16,87,0,5,12,7,0.66428571400000003,1296,1.0,1,0.36363636399999999,0.40000000000000002,0,0,84.733333329999994,25,8.4000000000000004,0
2,2,0,7,6,1,1,6,1,2.0,36,0.0,0,0.94444444400000005,0.625,1,1,17.0,1,0.5,0
4,2,0,11,20,6,1,10,1,1.0,290,0.0,0,0.84999999999999998,0.45000000000000001,1,1,71.25,4,2.25,0
10,2,0,4,29,17,1,4,6,0.72839506200000004,278,1.0,1,0.65384615400000001,0.29999999999999999,1,3,25.899999999999999,10,2.5,0
2,2,0,16,25,1,1,15,1,1.0,179,0.0,0,0.94444444400000005,0.625,1,1,88.0,4,2.0,0
14,1,1,32,47,55,16,19,9,0.63846153799999994,535,0.69999999999999996,3,0.0,0.19196428600000001,0,0,36.5,3,0.92859999999999998,0
8,1,0,2,11,0,2,0,0,0.68831168799999998,256,0.0,1,0.0,0.265625,0,0,29.625,12,2.75,0
3,2,0,11,17,3,1,10,2,2.0,149,0.0,0,0.89473684200000003,0.5,1,1,48.666666669999998,1,0.66669999999999996,0
2,2,0,17,28,1,1,16,1,2.0,235,0.0,0,0.94444444400000005,0.625,1,1,116.5,1,0.5,0
9,1,0,7,15,36,0,7,9,2.0,84,0.0,0,0.0,0.33333333300000001,0,0,8.3333333329999988,1,0.88890000000000002,0
7,1,0,8,18,13,7,1,6,0.5,87,1.0,0,0.0,0.16666666699999999,0,0,11.14285714,4,1.1429,0
5,7,0,8,52,2,0,8,4,0.5,372,1.0,1,0.99393939400000009,0.46666666700000003,0,0,72.400000000000006,5,2.0,0
4,2,1,6,21,4,1,5,2,0.66666666699999999,129,1.0,0,0.84999999999999998,0.625,1,1,30.75,7,2.25,0
2,1,0,3,2,1,3,0,2,2.0,2,0.0,0,0.0,1.0,0,0,0.0,1,1.0,0
45,1,0,44,85,820,39,7,29,0.63636363600000001,1940,0.25,2,0.0,0.089712919000000002,1,1,42.022222220000003,14,2.7999999999999998,0
8,1,0,1,47,10,0,1,3,0.35714285700000004,473,1.0,0,0.0,0.35416666700000005,0,0,57.875,20,6.125,0
10,4,0,16,25,23,11,6,10,0.5,135,0.0,0,0.77777777799999992,0.32857142899999997,1,2,12.300000000000001,2,1.1000000000000001,0
2,5,1,11,5,1,11,0,2,2.0,12,0.0,0,0.99852941200000001,0.75,0,0,5.0,1,0.5,0
2,2,0,10,10,1,1,9,2,2.0,41,0.0,0,0.94444444400000005,0.625,1,1,19.5,1,0.5,0
8,6,0,9,68,8,3,8,1,0.81428571400000005,457,1.0,1,0.98964496999999996,0.5,5,6,54.875,7,2.375,0
5,7,0,9,30,4,4,6,3,0.84999999999999998,156,1.0,3,0.99393939400000009,0.34999999999999998,0,0,29.199999999999999,1,0.80000000000000004,0
2,2,0,1,5,1,0,1,2,2.0,14,0.0,0,0.92307692299999999,0.75,0,0,6.0,1,0.5,0
5,1,2,5,11,10,2,3,4,2.0,175,0.0,0,0.0,0.66666666699999999,0,0,34.0,5,2.2000000000000002,0
4,2,0,21,12,0,11,11,2,0.0,170,0.0,0,0.84999999999999998,0.58333333300000001,1,1,41.25,1,0.75,0
7,7,0,7,48,13,3,4,6,0.44444444399999999,401,1.0,2,0.99243570299999995,0.346938776,0,0,55.0,6,2.5714000000000001,0
19,5,0,39,108,111,26,19,12,0.85978836000000003,790,0.90476190499999998,10,0.97317436700000004,0.19736842100000002,1,7,39.473684210000002,15,2.6842000000000001,0
20,5,1,14,75,104,7,13,8,0.589473684,391,0.80000000000000004,3,0.97271268099999997,0.204678363,3,4,18.300000000000001,5,1.8999999999999999,0
21,1,1,29,50,156,22,8,18,0.84999999999999998,601,1.0,1,0.0,0.244897959,0,0,27.23809524,11,2.4285999999999999,0
3,2,0,9,28,0,1,9,2,0.571428571,177,0.85714285700000004,3,0.75,0.428571429,0,0,55.666666669999998,2,1.0,0
19,1,2,16,55,0,10,8,14,0.72222222200000008,398,0.80000000000000004,1,0.0,0.20138888899999999,0,0,19.684210530000001,3,1.6315999999999999,0
11,1,0,11,57,23,3,8,7,0.53333333299999997,515,1.0,0,0.0,0.34999999999999998,0,0,45.545454550000002,3,1.1818,0
119,1,1,90,279,5913,72,28,97,0.88610169500000002,4045,0.83999999999999997,8,0.0,0.10364145699999999,0,0,32.78151261,17,2.9076,1
12,6,0,3,31,28,1,3,3,0.81818181800000001,269,1.0,0,0.98382352900000003,0.5,2,4,20.666666670000001,1,0.91669999999999996,0
1,1,0,2,2,0,2,1,0,2.0,8,0.0,3,0.0,1.0,0,0,3.0,0,0.0,0
90,6,0,234,339,3509,207,55,65,0.96973171299999994,3081,0.55102040799999996,12,0.8787465940000001,0.069082125999999994,3,13,32.688888890000001,10,2.7667000000000002,1
6,1,0,3,24,0,1,2,4,0.71999999999999997,218,1.0,1,0.0,0.40000000000000002,0,0,34.5,1,0.66669999999999996,0
11,7,0,9,71,29,2,8,4,0.81428571400000005,408,1.0,0,0.98498498499999998,0.36363636399999999,0,0,35.454545449999998,4,1.3635999999999999,0
3,1,0,2,18,3,0,2,2,2.0,117,0.0,0,0.0,0.44444444399999999,0,0,38.0,6,2.3332999999999999,0
3,4,0,10,9,1,5,5,3,0.0,44,0.0,0,0.94999999999999996,0.59999999999999998,1,1,13.33333333,2,0.66669999999999996,0
2,1,0,4,4,1,0,4,2,2.0,12,0.0,0,0.0,0.75,0,0,5.0,1,0.5,0
19,1,0,1,32,35,1,0,11,0.58333333300000001,443,0.90000000000000002,1,0.0,0.28070175399999997,1,1,21.78947368,6,1.7895000000000001,0
2,2,0,10,12,1,1,9,1,1.0,67,0.0,0,0.94444444400000005,0.625,1,1,31.0,1,0.5,0
1,1,0,2,1,0,2,0,1,2.0,1,0.0,0,0.0,1.0,0,0,0.0,1,1.0,0
8,2,0,17,25,4,4,14,2,0.48214285700000004,252,0.0,4,0.70833333300000001,0.45000000000000001,1,1,29.5,4,1.375,0
1,1,0,2,1,0,2,0,0,2.0,196,0.0,0,0.0,0.0,0,0,156.0,0,0.0,0
1,1,0,4,1,0,4,0,1,2.0,1,0.0,0,0.0,1.0,0,0,0.0,1,1.0,0
4,1,0,5,4,6,5,0,4,2.0,4,0.0,0,0.0,1.0,0,0,0.0,1,1.0,0
7,1,8,11,13,19,9,2,7,0.83333333300000001,102,1.0,0,0.0,0.37142857100000004,0,0,13.42857143,3,2.0,0
4,1,0,6,37,6,0,6,3,2.0,325,0.0,0,0.0,0.4375,0,0,80.25,19,5.75,0
17,1,0,5,46,130,4,2,15,0.69959677400000009,819,0.0,3,0.0,0.52287581700000008,0,0,45.352941180000002,21,2.1764999999999999,0
2,1,0,4,2,1,3,2,2,2.0,2,0.0,0,0.0,1.0,0,0,0.0,1,1.0,0
2,1,0,3,2,1,3,1,2,2.0,2,0.0,0,0.0,0.75,0,0,0.0,1,1.0,0
14,6,0,18,90,59,7,18,1,0.80769230800000003,470,1.0,1,0.98093841599999998,0.27142857100000001,4,12,32.142857139999997,5,1.6429,0
13,1,0,2,23,0,1,1,10,0.22916666699999999,498,1.0,0,0.0,0.37179487200000005,0,0,37.0,4,2.0,0
27,1,0,21,69,351,17,5,25,1.038461538,1201,0.375,0,0.0,0.20061728399999998,0,0,43.185185189999999,25,5.7778,0
3,1,0,8,6,3,0,8,3,2.0,17,0.0,0,0.0,0.5,0,0,4.6666666670000003,1,0.66669999999999996,0
17,5,0,23,77,76,11,18,3,0.78571428599999993,498,1.0,5,0.97822931800000001,0.19642857100000002,2,5,27.882352940000001,11,2.0,0
68,5,0,75,291,1812,39,59,42,0.93761959400000006,2351,0.66666666699999999,7,0.90947075200000005,0.11366245699999999,4,15,33.0,21,2.5440999999999998,0
10,6,0,6,58,17,2,6,3,0.92222222200000004,269,0.80000000000000004,1,0.98672566400000006,0.45000000000000001,4,12,24.899999999999999,1,0.90000000000000002,0
5,1,0,7,20,0,1,6,4,0.59999999999999998,132,1.0,3,0.0,0.40000000000000002,0,0,24.399999999999999,11,2.7999999999999998,0
11,2,0,6,39,21,2,4,10,0.92000000000000004,256,1.0,0,0.61538461499999997,0.409090909,1,2,21.81818182,4,2.2726999999999999,0
20,2,0,12,84,46,9,6,10,0.75657894700000006,798,1.0,1,0.80000000000000004,0.24812030100000002,1,8,38.5,8,2.2000000000000002,0
12,6,0,9,58,26,1,9,1,0.48051948100000003,748,1.0,3,0.98382352900000003,0.5,2,4,59.583333330000002,3,1.4167000000000001,0
22,6,0,10,75,195,4,9,8,0.82380952400000007,532,1.0,3,0.97019374099999989,0.16115702500000001,3,8,22.727272729999999,7,1.9091,0
74,1,0,154,228,2673,138,26,66,0.95890410999999998,2274,0.5,1,0.0,0.079337899999999989,0,0,29.59459459,11,2.2162000000000002,0
3,5,0,5,13,0,1,4,3,0.0,47,0.0,1,0.97727272700000001,0.5,2,4,14.33333333,1,0.66669999999999996,0
7,1,0,10,23,19,6,4,7,1.0833333329999999,216,1.0,0,0.0,0.28571428600000004,0,0,29.285714290000001,85,25.142900000000001,0
39,5,0,79,244,231,46,48,30,0.70263157900000006,1783,1.0,8,0.94500723599999992,0.118343195,1,2,44.46153846,27,4.0513000000000003,1
16,7,0,8,91,82,3,8,3,0.77777777799999992,780,1.0,1,0.97764530599999999,0.21875,2,2,47.1875,13,2.125,0
6,1,0,6,9,15,4,3,6,2.0,34,0.0,0,0.0,0.61111111100000004,0,0,4.6666666670000003,2,1.0,0
5,2,0,10,21,4,2,8,4,0.625,187,0.0,0,0.80952380999999995,0.44,1,1,35.600000000000001,1,0.80000000000000004,0
31,6,0,35,121,283,16,29,25,0.82424242400000003,1546,0.72727272700000001,5,0.95867768599999992,0.10887096800000001,5,19,48.516129030000002,13,3.3548,0
4,6,0,5,34,6,2,5,2,2.0,150,0.0,0,0.99541284400000007,0.375,0,0,36.5,1,0.75,0
5,2,0,4,11,10,0,4,5,2.0,44,0.0,0,0.59999999999999998,0.90000000000000002,1,1,7.7999999999999998,2,1.0,0
11,1,2,20,37,29,12,13,8,0.45000000000000001,353,0.0,2,0.0,0.21487603299999999,0,0,30.90909091,7,1.6364000000000001,0
18,1,1,6,32,75,4,2,12,0.57352941200000007,453,1.0,2,0.0,0.235294118,0,0,23.944444440000002,10,2.5,0
3,1,0,10,20,3,2,10,3,2.0,89,0.0,0,0.0,0.66666666699999999,0,0,28.666666670000001,4,1.6667000000000001,0
4,3,3,51,12,6,48,4,3,2.0,50,0.0,0,0.89473684200000003,0.625,0,0,11.5,3,1.0,0
2,1,0,4,2,1,4,2,2,2.0,2,0.0,0,0.0,1.0,0,0,0.0,1,1.0,0
13,2,6,31,22,66,29,4,13,2.0,99,0.0,0,0.3125,0.243589744,1,1,6.615384615,2,0.92310000000000003,0
3,1,0,11,35,1,2,11,3,0.5,228,1.0,0,0.0,0.55555555600000006,0,0,74.666666669999998,18,6.3333000000000004,0
3,2,0,1,12,3,1,0,3,2.0,88,0.0,0,0.81818181800000001,0.58333333300000001,0,0,28.333333329999999,1,0.66669999999999996,0
7,2,0,4,21,15,1,4,4,0.83333333300000001,141,0.5,0,0.8863636359999999,0.45833333299999995,1,2,18.85714286,5,1.5713999999999999,0
32,1,0,13,65,408,12,2,31,0.92409867200000007,559,1.0,3,0.0,0.12096774199999999,0,0,15.9375,11,1.7188000000000001,0
10,5,0,8,30,31,4,5,4,0.93055555599999995,158,0.75,3,0.98640483400000001,0.20000000000000001,1,1,14.0,1,0.90000000000000002,0
6,3,0,2,19,15,2,0,4,1.1200000000000001,184,0.0,0,0.84999999999999998,0.5,1,1,28.833333329999999,14,2.8332999999999999,0
9,2,0,23,69,12,4,23,1,0.75,519,1.0,4,0.428571429,0.23456790100000002,0,0,55.888888889999997,16,3.6667000000000001,0
6,2,0,11,14,5,10,3,5,0.93333333299999999,86,0.16666666699999999,1,0.428571429,0.40000000000000002,1,1,11.33333333,1,0.66669999999999996,0
5,1,0,2,5,10,1,1,5,2.0,5,0.0,0,0.0,0.64000000000000001,0,0,0.0,1,1.0,0
17,1,0,5,17,136,4,1,17,2.0,17,0.0,0,0.0,0.39495798299999996,0,0,0.0,1,1.0,0
9,2,0,17,71,24,1,17,4,0.69999999999999996,667,1.0,1,0.68000000000000005,0.46296296299999995,2,8,72.555555560000002,11,3.5556000000000001,0
11,2,0,11,40,0,7,4,10,0.72999999999999998,584,0.20000000000000001,1,0.27272727299999999,0.26666666699999997,0,0,51.18181818,10,4.0909000000000004,0
15,1,0,19,74,47,5,16,7,0.59523809500000002,561,1.0,1,0.0,0.13095238100000001,0,0,36.200000000000003,8,2.2000000000000002,0
49,1,0,13,128,1014,3,11,29,0.85119047599999997,1254,0.5,4,0.0,0.10058309,0,0,24.30612245,8,2.0204,0
2,1,0,4,9,0,1,3,1,0.0,59,1.0,1,0.0,0.75,0,0,27.5,2,1.0,0
10,1,1,13,44,25,10,6,8,0.66666666699999999,230,0.5,1,0.0,0.37777777799999995,0,0,21.800000000000001,5,1.7,0
7,1,0,1,10,0,1,0,7,0.33333333300000001,100,1.0,0,0.0,0.5,0,0,12.71428571,2,0.85709999999999997,0
44,5,1,35,88,884,20,18,34,0.97127222999999996,658,0.70588235300000002,2,0.93821839099999993,0.17499999999999999,0,0,13.56818182,12,1.8182,0
8,2,0,29,64,28,0,29,6,2.0,441,0.0,0,0.36363636399999999,0.375,0,0,54.125,4,1.25,0
3,1,0,11,27,0,1,11,2,0.0,204,1.0,1,0.0,1.0,0,0,66.666666669999998,9,4.0,0
3,7,0,5,14,1,2,4,2,0.5,64,1.0,0,0.99739922000000003,0.40000000000000002,1,1,20.0,1,0.66669999999999996,0
5,1,0,4,33,0,0,4,4,0.375,161,1.0,0,0.0,0.25,0,0,30.800000000000001,3,1.6000000000000001,0
4,1,0,7,39,4,0,7,4,0.66666666699999999,235,1.0,1,0.0,0.5,0,0,57.5,6,3.0,0
20,1,0,15,45,62,14,5,9,0.84586466199999999,603,0.78571428599999993,5,0.0,0.17222222199999998,0,0,28.449999999999999,14,3.0,0
3,2,0,12,16,1,3,10,2,1.0,123,0.0,1,0.89473684200000003,0.5,1,2,38.0,1,0.66669999999999996,0
13,6,0,16,86,50,1,16,2,0.71666666700000003,638,1.0,3,0.98110236200000001,0.192307692,3,5,47.69230769,15,4.2308000000000003,0
7,6,19,22,18,15,22,3,6,0.5,69,1.0,1,0.99237804900000004,0.40000000000000002,0,0,8.5714285710000002,1,0.71430000000000005,0
2,2,0,4,3,1,3,1,1,1.0,10,0.0,0,0.94444444400000005,0.75,0,0,3.5,1,0.5,0
11,1,0,3,17,0,3,0,10,0.10000000000000001,514,0.0,0,0.0,0.40000000000000002,0,0,45.545454550000002,11,2.4544999999999999,0
2,1,0,6,5,1,1,5,1,2.0,12,0.0,0,0.0,0.75,0,0,5.0,1,0.5,0
1,1,0,1,1,0,1,0,1,2.0,1,0.0,0,0.0,1.0,0,0,0.0,1,1.0,0
18,5,0,19,78,119,5,18,6,0.85714285700000004,424,1.0,2,0.97462686599999993,0.17361111100000001,2,8,22.166666670000001,9,2.0,0
2,3,0,9,4,1,9,0,2,2.0,9,0.0,0,1.0,0.75,0,0,3.5,0,0.0,0
14,6,0,11,57,57,5,10,10,0.80000000000000004,260,0.80000000000000004,2,0.98024316099999997,0.26190476200000001,4,4,17.214285709999999,4,1.2857000000000001,0
8,1,2,8,14,8,2,6,7,0.428571429,175,1.0,0,0.0,0.4375,0,0,20.75,11,3.125,0
9,1,2,10,12,28,6,4,6,0.75,91,1.0,3,0.0,0.37037037,0,0,8.777777777999999,3,1.3332999999999999,0
15,1,0,20,63,105,10,18,12,2.0,397,0.0,0,0.0,0.25925925899999996,0,0,25.466666669999999,6,2.2000000000000002,0
2,1,0,4,4,1,0,4,2,2.0,12,0.0,0,0.0,0.75,0,0,5.0,1,0.5,1
5,1,1,14,12,6,13,1,4,1.1666666670000001,169,0.0,2,0.0,0.34999999999999998,0,0,27.399999999999999,2,0.80000000000000004,0
55,4,0,31,132,1121,23,15,52,0.969907407,956,0.14999999999999999,6,0.92417739599999993,0.121082621,3,20,15.654545450000001,9,1.5091000000000001,1
20,1,0,47,45,190,47,0,19,2.0,841,0.0,0,0.0,0.1875,0,0,41.049999999999997,23,5.75,0
13,6,0,9,56,44,3,9,1,0.76388888900000007,316,1.0,1,0.982378855,0.38461538499999998,4,12,22.84615385,5,1.2307999999999999,0
11,1,0,48,37,23,41,8,6,0.55000000000000004,187,0.5,1,0.0,0.17999999999999999,0,0,15.81818182,7,1.3635999999999999,0
1,2,0,3,2,0,1,2,1,2.0,5,0.0,0,1.0,1.0,0,0,4.0,0,0.0,0
7,1,0,11,31,21,7,4,6,0.83333333300000001,300,0.0,1,0.0,0.45714285700000001,0,0,41.714285709999999,17,3.2856999999999998,0
8,6,8,26,25,24,26,1,7,0.71428571400000007,100,1.0,0,0.99348109500000004,0.39285714299999996,2,10,11.25,2,0.875,0
7,3,0,4,19,5,3,1,6,0.61111111100000004,100,1.0,0,0.28571428600000004,0.375,0,0,12.85714286,2,0.85709999999999997,0
8,3,0,12,26,14,1,11,8,0.80000000000000004,195,1.0,2,0.69565217400000001,0.27083333300000001,3,4,22.75,2,1.0,0
10,2,0,5,32,21,1,5,6,0.77777777799999992,164,1.0,1,0.65384615400000001,0.27142857100000001,1,1,14.699999999999999,3,1.3,0
9,1,1,3,10,36,1,2,9,2.0,20,0.0,0,0.0,0.81481481499999997,0,0,1.2222222220000001,1,0.88890000000000002,0
148,1,0,346,510,10050,291,101,109,0.93899495300000002,5420,1.0,13,0.0,0.045548654000000001,0,0,35.412162160000001,61,3.2905000000000002,0
2,1,0,4,4,1,0,4,2,2.0,12,0.0,0,0.0,0.75,0,0,5.0,1,0.5,1
13,1,0,17,38,72,13,7,2,1.0083333329999999,644,0.0,2,0.0,0.20833333300000001,0,0,47.76923077,33,5.0769000000000002,0
4,1,0,4,8,6,2,3,4,2.0,145,0.0,0,0.0,0.70833333300000001,0,0,35.25,2,1.0,0
5,1,15,60,15,0,60,1,3,0.0,57,1.0,0,0.0,0.46666666700000003,0,0,10.199999999999999,1,0.59999999999999998,0
16,6,0,15,101,80,4,15,1,0.79166666699999999,577,1.0,1,0.97807017500000004,0.3125,4,13,34.5625,5,1.625,0
15,7,0,8,62,81,4,8,5,0.84126984099999991,368,0.88888888900000007,1,0.98056801199999999,0.25333333299999999,0,0,22.93333333,3,1.0,0
2,1,0,4,4,1,0,4,2,2.0,12,0.0,0,0.0,0.75,0,0,5.0,1,0.5,0
4,1,1,4,12,6,3,1,4,0.66666666699999999,37,1.0,1,0.0,0.5,0,0,8.0,1,0.75,0
86,2,0,9,97,3649,0,9,84,2.0,709,0.0,0,0.10526315800000001,0.056201550000000003,1,1,7.2441860470000004,3,1.0233000000000001,0
39,7,0,33,190,535,9,30,7,0.81907894700000006,2164,0.90625,5,0.94660894699999998,0.14619883,3,4,53.666666669999998,17,2.5640999999999998,0
33,1,0,21,108,70,13,13,15,0.65937500000000004,1485,0.59999999999999998,7,0.0,0.23214285699999998,0,0,43.696969700000004,19,4.0909000000000004,0
5,2,1,10,13,4,8,3,4,0.92857142900000011,61,0.14285714300000002,0,0.5,0.5,1,1,9.8000000000000007,1,0.59999999999999998,0
12,5,0,18,61,36,6,16,3,0.69090909099999998,377,1.0,1,0.98343373499999998,0.29999999999999999,0,0,30.0,6,1.5,1
3,6,0,2,9,1,2,0,2,0.0,37,1.0,0,0.99873896599999989,0.58333333300000001,3,3,11.0,5,1.6667000000000001,0
5,1,0,6,18,6,2,5,2,0.75,161,1.0,0,0.0,0.31428571399999999,0,0,30.800000000000001,8,2.7999999999999998,0
20,1,0,23,79,102,7,19,8,0.77192982499999996,1583,0.55555555600000006,1,0.0,0.252631579,0,0,77.700000000000003,5,1.8,0
4,1,0,6,25,6,0,6,3,2.0,124,0.0,0,0.0,0.5,0,0,30.0,6,2.25,0
20,2,1,5,55,60,5,0,16,0.68421052599999999,320,1.0,0,0.45714285700000001,0.23125000000000001,1,1,14.75,5,1.7,0
2,1,0,15,2,1,14,1,2,2.0,2,0.0,0,0.0,0.69999999999999996,0,0,0.0,1,1.0,0
22,2,0,14,90,73,2,13,18,0.72023809500000002,663,0.875,3,0.603773585,0.20454545499999999,1,6,28.772727270000001,15,2.0,0
17,6,1,9,59,92,3,8,0,0.84722222200000008,417,1.0,0,0.97664233599999994,0.32352941200000002,2,4,23.0,6,1.5882000000000001,0
3,1,0,3,3,3,3,1,3,1.5,6,0.0,0,0.0,0.66666666699999999,0,0,0.0,1,1.0,0
1,1,0,6,1,0,6,0,1,2.0,1,0.0,0,0.0,1.0,0,0,0.0,1,1.0,0
19,7,0,21,110,115,8,19,9,0.746031746,685,1.0,3,0.97764530599999999,0.28947368400000001,2,3,34.684210530000001,13,2.3683999999999998,0
8,1,2,8,32,0,6,3,8,0.571428571,224,0.25,0,0.0,0.34999999999999998,0,0,26.5,3,1.875,0
17,7,2,15,117,100,4,12,8,0.70138888900000007,878,1.0,1,0.97764530599999999,0.17647058800000001,4,9,50.117647060000003,15,2.9411999999999998,0
5,7,0,7,34,0,3,7,3,0.66666666699999999,159,1.0,1,0.99504337099999995,0.32000000000000001,3,13,30.199999999999999,4,1.6000000000000001,0
2,2,0,3,5,1,1,2,2,2.0,74,0.0,0,0.88888888900000007,0.625,0,0,36.0,9,4.5,0
4,2,0,13,14,6,4,9,2,2.0,113,0.0,0,0.84999999999999998,0.59999999999999998,1,1,27.25,1,0.75,0
1,1,0,6,1,0,6,0,1,2.0,1,0.0,0,0.0,1.0,0,0,0.0,1,1.0,0
12,1,0,3,25,0,2,1,0,0.436363636,212,1.0,0,0.0,0.39583333299999995,0,0,16.25,3,1.3332999999999999,0
9,2,0,20,27,18,10,10,7,0.8125,288,0.75,0,0.68000000000000005,0.27777777800000003,0,0,30.555555559999998,12,2.8889,0
10,5,0,8,44,43,4,5,9,0.66666666699999999,218,1.0,0,0.99065420599999998,0.375,1,1,20.699999999999999,4,1.6000000000000001,0
7,1,1,8,19,21,4,4,7,1.0,70,1.0,1,0.0,0.78571428599999993,0,0,8.8571428570000013,4,1.2857000000000001,0
7,2,0,3,18,0,1,2,4,0.61904761899999994,366,1.0,0,0.14285714300000002,0.428571429,0,0,50.285714290000001,11,4.2857000000000003,0
4,2,0,5,25,0,1,4,4,0.33333333300000001,187,1.0,0,0.95081967200000006,0.5,1,7,45.0,8,2.5,0
3,6,0,2,17,1,0,2,3,0.5,325,1.0,0,0.99701937400000007,1.0,2,4,104.0,6,2.3332999999999999,0
6,1,2,7,19,7,2,5,1,0.86666666700000006,141,0.33333333300000001,2,0.0,0.41666666700000005,0,0,21.5,7,2.1667000000000001,0
6,1,0,1,6,15,1,0,6,2.0,6,0.0,0,0.0,0.75,0,0,0.0,1,1.0,0
23,1,0,21,69,175,10,11,18,0.712121212,533,1.0,3,0.0,0.15151515199999999,0,0,21.913043479999999,8,2.8696000000000002,0
5,2,0,7,12,0,5,3,4,0.80000000000000004,60,0.40000000000000002,0,0.5,0.4375,1,1,10.0,1,0.59999999999999998,0
10,2,0,11,29,0,5,7,8,0.66666666699999999,178,1.0,0,0.4375,0.32000000000000001,1,1,16.300000000000001,5,1.3,0
2,2,0,7,5,1,2,5,2,1.0,22,0.0,0,0.94444444400000005,0.625,1,1,9.5,1,0.5,0
8,6,0,15,52,10,9,7,5,0.86813186799999997,339,0.30769230800000003,1,0.99142857099999993,0.242857143,2,3,39.75,9,2.625,0
15,2,0,7,40,49,0,7,11,0.28571428600000004,195,1.0,0,0.84523809500000002,0.224242424,1,10,11.93333333,3,1.0,0
13,1,0,57,28,0,56,2,13,0.0,161,1.0,0,0.0,0.48717948700000002,0,0,11.30769231,2,1.0769,0
12,1,0,7,28,16,5,2,10,0.54545454500000001,259,1.0,1,0.0,0.27083333300000001,0,0,20.25,5,1.8332999999999999,0
8,3,0,9,29,10,2,8,8,2.0,216,0.0,0,0.875,0.25,3,12,26.0,23,3.625,0
18,2,0,9,38,153,1,8,18,2.0,96,0.0,0,0.5,0.26851851900000001,1,5,4.3333333329999997,1,0.94440000000000002,0
16,1,0,1,33,4,1,0,2,0.51666666700000008,258,1.0,0,0.0,0.375,0,0,14.875,5,1.5,0
19,1,0,5,48,151,3,2,16,0.60416666699999999,1417,0.875,0,0.0,0.23157894699999998,0,0,72.736842109999998,33,4.3684000000000003,0
2,1,0,4,4,1,0,4,2,2.0,12,0.0,0,0.0,0.75,0,0,5.0,1,0.5,0
5,6,0,8,35,0,5,5,3,0.65000000000000002,183,0.40000000000000002,0,0.99624060199999998,0.34999999999999998,2,11,34.600000000000001,4,1.3999999999999999,0
2,2,0,4,3,1,3,2,2,2.0,8,0.0,0,0.88888888900000007,0.625,0,0,3.0,1,0.5,0
2,1,0,4,4,1,0,4,2,2.0,12,0.0,0,0.0,0.75,0,0,5.0,1,0.5,1
4,2,0,6,12,6,4,2,3,2.0,140,0.0,0,0.72727272700000001,0.75,0,0,34.0,6,4.0,0
3,1,0,2,16,1,0,2,2,0.83333333300000001,84,0.66666666699999999,0,0.0,0.5,0,0,26.0,1,0.66669999999999996,0
18,6,3,26,60,69,23,6,15,0.70588235300000002,252,1.0,1,0.98263027299999994,0.27777777800000003,3,7,12.83333333,15,1.9443999999999999,0
18,5,0,16,76,89,5,16,6,0.78991596599999991,348,1.0,2,0.97462686599999993,0.233333333,3,16,17.944444440000002,2,1.1667000000000001,0
2,1,0,5,2,1,5,1,2,2.0,2,0.0,0,0.0,0.75,0,0,0.0,1,1.0,0
2,8,0,4,3,1,2,2,2,2.0,13,0.0,0,1.0,0.75,0,0,5.5,0,0.0,0
19,2,0,17,38,147,10,9,14,0.80555555599999995,193,1.0,1,0.5,0.167464115,1,3,9.0526315789999998,3,1.0,0
10,1,0,13,37,3,9,7,9,0.55555555600000006,222,1.0,1,0.0,0.26250000000000001,0,0,21.0,4,1.7,0
14,7,0,13,98,51,2,12,4,0.78205128200000007,799,1.0,0,0.98056801199999999,0.21428571399999999,0,0,55.214285709999999,6,1.7857000000000001,0
19,1,38,62,30,147,57,8,18,0.90476190499999998,242,0.428571429,5,0.0,0.26851851900000001,0,0,11.36842105,6,1.5789,0
6,5,0,9,29,5,5,6,3,0.66666666699999999,141,1.0,2,0.99240121599999997,0.5,1,7,22.0,1,0.83330000000000004,0
11,4,0,6,23,23,2,4,10,0.53333333299999997,494,0.33333333300000001,1,0.77777777799999992,0.27272727299999999,2,3,43.363636360000001,14,3.2726999999999999,0
1,1,0,16,1,0,14,2,1,2.0,1,0.0,0,0.0,1.0,0,0,0.0,1,1.0,0
16,2,1,27,87,14,12,19,11,0.26666666699999997,718,1.0,1,0.571428571,0.19375000000000001,1,5,43.8125,18,5.125,0
9,2,0,8,29,0,4,6,3,0.25,708,0.0,0,0.38461538499999998,0.41666666700000005,1,5,77.555555560000002,9,5.4443999999999999,0
1,1,0,10,1,0,10,0,1,2.0,1,0.0,0,0.0,1.0,0,0,0.0,1,1.0,0
15,6,0,14,47,79,11,11,6,0.89795918400000008,230,1.0,1,0.97894736799999993,0.19166666699999999,0,0,13.866666670000001,2,1.0,0
8,1,0,2,9,28,0,2,8,2.0,18,0.0,0,0.0,0.79166666699999999,0,0,1.25,1,0.875,0
2,1,0,2,3,1,1,1,2,2.0,5,0.0,0,0.0,0.66666666699999999,0,0,1.5,1,0.5,0
0,1,0,1,0,0,1,0,0,2.0,179,0.0,0,0.0,0.0,0,0,0.0,0,0.0,0
7,6,0,11,56,13,1,11,1,0.78431372499999996,522,0.9411764709999999,2,0.99258160200000001,0.5,2,4,71.142857140000004,7,2.8571,0
26,1,0,60,81,217,52,16,20,0.87636363599999989,412,0.90909090900000011,3,0.0,0.105,0,0,14.42307692,8,1.6153999999999999,0
6,1,0,0,15,0,0,0,6,0.0,39,1.0,0,0.0,1.0,0,0,5.3333333329999997,1,0.83330000000000004,0
9,2,0,16,23,16,7,9,8,0.80555555599999995,189,1.0,3,0.41666666700000005,0.27083333300000001,1,1,19.0,6,1.4443999999999999,0
14,1,0,8,29,0,6,3,10,0.35897435899999997,378,1.0,1,0.0,0.244897959,0,0,25.785714290000001,4,2.4285999999999999,0
10,2,0,4,27,21,1,4,6,0.76543209900000009,220,1.0,2,0.65384615400000001,0.31666666700000001,1,2,20.100000000000001,5,1.6000000000000001,0
3,4,0,15,53,0,1,14,3,0.0,285,1.0,1,0.91666666699999999,0.66666666699999999,1,7,93.666666669999998,22,10.666700000000001,0
8,1,0,1,14,8,1,0,6,0.071428570999999996,178,1.0,1,0.0,0.42499999999999999,0,0,20.75,6,1.875,0
8,2,0,8,19,10,2,6,4,0.76623376599999993,378,0.90909090900000011,2,0.53333333299999997,0.284090909,1,3,44.875,11,3.75,0
2,1,0,3,2,1,3,0,2,2.0,2,0.0,0,0.0,1.0,0,0,0.0,1,1.0,0
20,5,0,27,144,154,13,22,11,0.85526315799999997,1034,0.75,2,0.97921478099999992,0.15789473699999998,3,12,50.299999999999997,40,4.25,0
3,1,0,10,3,3,10,0,3,2.0,3,0.0,0,0.0,0.66666666699999999,0,0,0.0,1,1.0,0
6,6,0,9,58,5,2,9,1,0.77142857099999995,357,1.0,1,0.99258160200000001,0.5,4,12,57.333333330000002,7,2.1667000000000001,0
3,2,0,7,8,0,5,2,3,0.0,29,1.0,0,0.59999999999999998,0.66666666699999999,1,1,8.3333333329999988,1,0.66669999999999996,0
24,5,0,28,106,80,15,21,14,0.78260869599999994,530,1.0,3,0.96597633099999991,0.14772727300000002,1,4,20.791666670000001,9,1.625,0
5,3,0,1,6,2,1,0,5,0.75,36,1.0,0,0.80952380999999995,0.46666666700000003,1,1,5.4000000000000004,1,0.80000000000000004,0
4,6,0,6,29,0,1,6,1,0.63636363600000001,315,1.0,0,0.99553571400000007,0.5,3,5,75.0,6,2.0,0
2,2,0,9,7,1,1,8,1,1.0,29,0.0,0,0.94444444400000005,0.625,1,1,13.0,1,0.5,0
4,1,0,7,5,6,6,1,3,1.0,9,0.0,0,0.0,0.55555555600000006,0,0,1.0,1,0.75,0
21,2,2,13,86,134,5,10,9,0.875,891,1.0,3,0.45945945899999996,0.226190476,1,2,40.952380949999998,38,3.4285999999999999,0
1,1,0,1,1,0,1,0,1,2.0,1,0.0,0,0.0,1.0,0,0,0.0,1,1.0,0
7,1,0,3,7,21,3,1,7,2.0,7,0.0,0,0.0,0.85714285700000004,0,0,0.0,1,1.0,0
16,1,2,29,26,88,28,1,9,0.83333333300000001,119,0.0,0,0.0,0.32291666699999999,0,0,6.1875,5,1.0625,0
8,1,0,8,8,28,8,1,8,2.0,8,0.0,0,0.0,0.875,0,0,0.0,1,1.0,0
7,1,0,9,10,0,9,1,2,0.625,64,1.0,1,0.0,0.428571429,0,0,7.5714285710000002,2,1.1429,0
2,2,0,1,4,1,0,1,1,2.0,16,0.0,0,0.80000000000000004,0.66666666699999999,1,1,7.0,1,0.5,0
5,1,0,3,32,8,0,3,4,0.5,300,0.0,0,0.0,0.375,0,0,58.799999999999997,11,2.6000000000000001,0
1,1,0,13,1,0,13,0,0,2.0,672,0.0,0,0.0,0.0,0,0,540.0,0,0.0,0
2,1,0,3,2,1,3,0,2,2.0,2,0.0,0,0.0,0.83333333300000001,0,0,0.0,1,1.0,0
20,5,0,31,131,178,1,31,7,0.36842105299999994,853,1.0,1,0.97945945900000009,0.19444444399999999,1,3,41.600000000000001,8,2.1499999999999999,0
37,5,0,45,139,484,24,31,14,0.89756944400000005,775,0.625,5,0.94775036299999993,0.12285012300000001,3,12,19.513513509999999,6,1.5135000000000001,0
8,5,0,6,25,6,5,4,3,0.80952380999999995,173,0.66666666699999999,2,0.98939393900000006,0.27500000000000002,3,7,20.25,7,2.25,0
14,1,0,2,16,91,0,2,14,2.0,38,0.0,0,0.0,0.41428571399999997,0,0,1.7142857140000001,1,0.92859999999999998,0
2,2,0,4,6,0,0,4,2,0.0,44,1.0,0,0.85714285700000004,0.66666666699999999,0,0,19.5,1,0.5,0
8,1,0,6,19,0,3,3,2,0.71428571400000007,214,1.0,1,0.0,0.58333333300000001,0,0,25.25,4,2.0,0
1,4,0,24,2,0,24,0,1,2.0,5,0.0,0,1.0,1.0,0,0,4.0,0,0.0,0
13,7,0,12,75,40,2,12,10,0.74074074099999998,814,1.0,3,0.98203592799999995,0.24615384600000001,1,2,60.92307692,7,1.9231,0
4,6,0,2,21,0,0,2,2,0.571428571,264,1.0,0,0.99701937400000007,1.0,2,4,63.25,6,2.0,0
23,1,0,25,98,95,8,22,13,0.84242424199999999,734,0.80000000000000004,3,0.0,0.21739130399999998,0,0,30.260869570000001,9,2.2174,0
8,1,0,13,64,0,4,10,0,0.746031746,485,0.33333333300000001,1,0.0,0.29999999999999999,0,0,58.5,17,3.875,0
1,1,0,7,1,0,7,1,1,2.0,1,0.0,0,0.0,1.0,0,0,0.0,1,1.0,0
2,1,0,6,2,1,3,3,2,2.0,2,0.0,0,0.0,0.66666666699999999,0,0,0.0,1,1.0,0
8,2,0,20,21,26,11,9,6,0.428571429,89,0.0,0,0.70833333300000001,0.4375,1,1,10.0,1,0.875,0
7,1,2,19,8,0,19,0,5,0.58333333300000001,41,1.0,0,0.0,0.5,0,0,4.5714285710000002,1,0.71430000000000005,0
11,2,1,12,54,25,1,11,5,0.29999999999999999,444,1.0,1,0.66666666699999999,0.22727272699999998,2,10,39.272727269999997,23,5.1818,0
3,2,0,5,9,0,3,2,3,0.0,36,1.0,0,0.59999999999999998,0.66666666699999999,1,1,10.66666667,1,0.66669999999999996,0
3,3,1,7,5,3,4,3,2,2.0,19,0.0,0,1.0,0.58333333300000001,0,0,5.3333333329999997,0,0.0,0
2,2,0,1,4,1,0,1,2,2.0,16,0.0,0,0.75,0.75,1,1,7.0,2,1.0,0
10,1,0,18,33,7,9,11,5,0.68518518500000003,207,0.0,2,0.0,0.257142857,0,0,19.100000000000001,5,1.8999999999999999,0
